{
  "project_info": {
    "project_number": "513534708178",
    "project_id": "aulafirebaseusabilidade",
    "storage_bucket": "aulafirebaseusabilidade.appspot.com"
  },
  "client": [
    {
      "client_info": {
        "mobilesdk_app_id": "1:513534708178:android:922d09fbb6c7546d37a00b",
        "android_client_info": {
          "package_name": "com.example.aula_usabilidade_firebase"
        }
      },
      "oauth_client": [
        {
          "client_id": "513534708178-7k9t9dg76vum4q7de3evvreh0j0bg9i6.apps.googleusercontent.com",
          "client_type": 3
        }
      ],
      "api_key": [
        {
          "current_key": "AIzaSyAL9y2ZxGEDYpKkLaBlQMAZ5_90Dw_hQDE"
        }
      ],
      "services": {
        "appinvite_service": {
          "other_platform_oauth_client": [
            {
              "client_id": "513534708178-7k9t9dg76vum4q7de3evvreh0j0bg9i6.apps.googleusercontent.com",
              "client_type": 3
            }
          ]
        }
      }
    }
  ],
  "configuration_version": "1"
}